{
  "learning_rate": 0.02697993871632338,
  "l2_regularization": 0.22214983740263838,
  "max_iter": 850,
  "max_depth": null,
  "min_samples_leaf": 39,
  "max_leaf_nodes": 15,
  "max_bins": 127,
  "nonsp_emphasis": 1.8211088656326788,
  "special_emphasis": 1.4338752656522689
}